AOR: File number Received,,Avg APP-AOR:,83,min/max APP-AOR:,,7,334,"Cell colours automatically change (white = APP received, yellow = AOR received, light blue = DM/PPR received within 10 days, blue = DM received over 10 days ago)",,,,,,,,,,,
,,Avg APP-PPR:,435,min/max APP-PPR:,,181,1006,* Last 10 days' DM/PPR are highlighted in light color,,,,,,,,,,,
DM: ECAS update to Decision Made,,Avg AOR-PPR:,348,min/max AOR-PPR:,,10,924,* Insert the date in  YYYY-MM-DD  format,,,,,,,,,,,
PPR: Email for pass request,,"Hello Users, Please add or update your cases at  https://imtrackdb.firebaseapp.com going forward.",,,,,,,,,Link to discussion forum,,,,,,,,
USERNAME,"VISA
OFFICE",QSW TYPE,Nationality,Location,APP,AOR,Med. Req.,Re-med. Req.,Pre-arrival,DM,PPR,APP-AOR,"AOR-Now/
AOR-DM",AOR-PPR,APP-PPR,Change,Communication,,
Trustwithfaith,SYDNEY,,LBN,INLAND,2015-07-21,2015-11-09,,,,2016-04-19,2016-04-19,111,162,162,273,2019-09-20 at 12:50,,,
David83,OTTAWA,,,,2015-07-31,2015-11-25,,,,2016-06-10,2016-06-10,117,198,198,315,,,,
Tiffany_7,OTTAWA,,,,2015-08-13,2015-12-11,,,,2016-05-06,2016-05-06,120,147,147,267,,,,
,OTTAWA,,,,2015-09-01,2015-12-23,,,,2016-06-06,2016-06-06,113,166,166,279,,,,
BajanCanadian,OTTAWA,,,,2015-09-09,2015-12-23,,,,2016-06-10,2016-06-10,105,170,170,275,,,,
Hoback,OTTAWA,,,,2015-09-18,2016-01-04,,,,2016-11-06,2016-11-23,108,307,324,432,,,,
Allwanna,OTTAWA,,,,2015-10-05,2016-02-15,,,,2016-12-19,2016-12-19,133,308,308,441,,,,
charlottemontreal,OTTAWA,,,,2015-10-16,2016-02-28,,,,2016-11-24,2016-11-24,135,270,270,405,,,,
Mariam dal,OTTAWA,,,,2015-10-29,2016-02-29,,,,2016-12-25,2016-12-25,123,300,300,423,,,,
usefuluser,OTTAWA,,,,2015-11-02,2016-03-01,,,,2016-12-02,2016-12-02,120,276,276,396,,,,
Korla,OTTAWA,,,,2015-11-02,2016-03-02,,,,2016-12-02,2016-12-02,121,275,275,396,,,,
MR21,OTTAWA,,,,2015-11-03,2016-03-02,,,,2016-12-02,2016-12-02,120,275,275,395,,,,
Vinc360,OTTAWA,,,,2015-11-04,2016-03-03,,,,2016-12-06,2016-12-06,120,278,278,398,,,,
notsodarkblue,OTTAWA,,,,2015-11-18,2016-03-03,,,,2016-12-09,2016-12-09,106,281,281,387,,,,
vanco,OTTAWA,,,,2015-11-19,2016-03-04,,,,2016-05-18,2016-05-18,106,75,75,181,,,,
youssef.simon,OTTAWA,,,,2015-11-25,2016-03-07,,,,2016-12-07,2016-12-07,103,275,275,378,,,,
RS77,OTTAWA,,,,2015-12-04,2016-03-09,,,,2016-12-19,2016-12-19,96,285,285,381,,,,
m81,OTTAWA,,,,2015-12-04,2016-03-03,,,,2016-12-13,2016-12-21,90,285,293,383,,,,
l_jimen,OTTAWA,,,,2015-12-07,2016-03-04,,,,2016-12-09,2016-12-09,88,280,280,368,,,,
guest,OTTAWA,,,,2015-12-11,2016-03-09,,,,2016-12-20,2016-12-20,89,286,286,375,,,,
alemom,OTTAWA,,,,2015-12-29,2016-03-15,,,,2017-01-06,2017-01-06,77,297,297,374,,,,
Doris801,OTTAWA,,,,2015-12-30,2016-03-17,,,,2017-01-06,2017-01-06,78,295,295,373,,,,
Smearingo,OTTAWA,,,,2016-01-04,2016-03-17,,,,2017-01-05,2017-01-05,73,294,294,367,,,,
PPRVSR,OTTAWA,,,,2016-01-12,2016-03-19,,,,2017-01-11,2017-01-12,67,298,299,366,,,,
marcomcarneiro,OTTAWA,,,,2016-01-18,2016-03-22,2016-06-30,,,2017-01-11,2017-01-11,64,295,295,359,,,,
cohenbrother,OTTAWA,,,,2016-01-18,2016-03-21,,,,2017-01-11,2017-01-12,63,296,297,360,,,,
pbzh,OTTAWA,,,,2016-01-19,2016-03-20,,,,2017-01-06,2017-01-06,61,292,292,353,,,,
khanhle,OTTAWA,,,,2016-01-20,2016-03-20,,,,2017-01-11,2017-01-12,60,297,298,358,,,,
hazel15,OTTAWA,,,,2016-01-31,2016-03-31,,,,2017-01-06,2017-01-06,60,281,281,341,2019-05-27 at 18:29,,,
srm057,OTTAWA,,,,2016-02-23,2016-04-04,,,,2017-02-08,2017-02-08,41,310,310,351,,,,
ys56,OTTAWA,,,,2016-02-25,2016-04-06,,,,2017-02-05,2017-02-09,41,305,309,350,,,,
Wass_89,OTTAWA,,,,2016-02-27,2016-04-07,,,,2017-02-01,2017-02-01,40,300,300,340,,,,
Ali-IR,OTTAWA,PEQ,,,2016-03-07,2016-04-12,2016-11-25,,,2018-03-26,2018-03-27,36,713,714,750,2019-08-06 at 16:07,,,
Melles,OTTAWA,,,,2016-03-10,2016-04-13,,,,2017-02-03,2017-02-06,34,296,299,333,,,,
Mtl16,OTTAWA,,,,2016-03-16,2016-04-28,,,,2017-02-04,2017-02-10,43,282,288,331,,,,
weimtl,OTTAWA,,,,2016-03-22,2016-05-18,,,,2017-02-06,2017-02-14,57,264,272,329,,,,
Saj123,OTTAWA,,,,2016-03-23,2016-05-20,,,,2017-02-06,2017-02-15,58,262,271,329,,,,
dancmtl,OTTAWA,,,,2016-03-29,2016-04-27,,,,2017-02-24,2017-02-24,29,303,303,332,,,,
adamwang,OTTAWA,,,,2016-03-29,2016-05-02,,,,2017-03-03,2017-04-03,34,305,336,370,,,,
flyer110,OTTAWA,,,,2016-04-01,2016-05-04,,,,2017-03-03,2017-03-04,33,303,304,337,,,,
luzvi,OTTAWA,,,,2016-04-08,2017-02-27,,,,2017-03-09,2017-03-09,325,10,10,335,,,,
B,OTTAWA,,,,2016-04-08,2016-05-09,,,,2017-03-08,2017-03-09,31,303,304,335,,,,
onlymtl,OTTAWA,,,,2016-04-14,2016-05-19,,,,2017-03-08,2017-03-10,35,293,295,330,,,,
Canada0r3v3r,OTTAWA,,,,2016-04-28,2016-07-28,,,,2017-04-03,2017-04-04,91,249,250,341,,,,
QSnic,OTTAWA,,,,2016-05-09,2016-08-19,,,,2017-01-30,2017-01-31,102,164,165,267,,,,
Ximoose,OTTAWA,,,,2016-05-24,2016-09-06,,,,2017-04-06,2017-04-06,105,212,212,317,,,,
GHFJ96d,OTTAWA,,,,2016-06-01,2016-09-07,,,,2017-05-04,2017-05-05,98,239,240,338,,,,
qaseemali,OTTAWA,,,,2016-06-08,2016-11-02,2016-11-18,,,2017-05-04,2017-05-04,147,183,183,330,,,,
bensnocturne,OTTAWA,,,,2016-06-10,2016-10-26,,,,2017-05-03,2017-05-04,138,189,190,328,,,,
mass,OTTAWA,,,,2016-06-12,2016-10-28,,,,2017-05-05,2017-05-10,138,189,194,332,,,,
annie464,OTTAWA,,,,2016-06-21,2016-10-30,,,,2017-05-05,2017-05-10,131,187,192,323,,,,
Kar88,OTTAWA,,,,2016-06-22,2016-10-30,,,,2017-05-05,2017-05-09,130,187,191,321,,,,
cmack,OTTAWA,,,,2016-06-22,2016-11-04,,,,2017-02-06,2017-02-09,135,94,97,232,,,,
sylendrabilla,OTTAWA,,,,2016-06-23,2016-10-31,2016-11-18,,,2017-08-02,2017-08-03,130,275,276,406,,Did you send CSQ for spouse as well? Application delayed due to status change. Spouse documents sent in April 2017...,, 
Xuan-Zh,OTTAWA,PEQ,,,2016-06-24,2016-11-01,,,,2017-05-11,2017-05-15,130,191,195,325,2019-10-21 at 20:50,,,
Ash,OTTAWA,,,,2016-06-24,2016-11-01,,,,2017-05-05,2017-05-12,130,185,192,322,,,,
JL-HN,OTTAWA,PEQ,,,2016-06-29,2016-11-07,2016-11-18,,,2017-09-14,2017-09-19,131,311,316,447,2019-03-26 at 20:32,,,
Amir-IR,OTTAWA,REG,,,2016-06-29,2016-11-07,,,,2018-02-23,2018-02-23,131,473,473,604,,,,
jamr,OTTAWA,,,,2016-06-29,2016-11-07,2016-11-18,,,2017-06-07,2017-06-07,131,212,212,343,,,,
LAMPARD,OTTAWA,,,,2016-07-07,2016-11-08,,,,2017-05-11,2017-05-15,124,184,188,312,,,,
,OTTAWA,,,,2016-07-18,2016-11-18,,,,2017-06-06,2017-06-14,123,200,208,331,,,,
Bahar-IR,OTTAWA,REG,,,2016-07-21,2016-11-17,2016-12-10,,,2018-02-23,2018-02-23,119,463,463,582,2019-04-01 at 13:51,,,
gnole,OTTAWA,,,,2016-07-28,2016-11-21,,,,2017-06-02,2017-06-12,116,193,203,319,,,,
TR8,OTTAWA,PEQ,,,2016-08-02,2016-11-10,2017-01-23,,,2018-05-16,2018-05-16,100,552,552,652,,,,
Keys,OTTAWA,,,,2016-08-03,2016-11-21,,,,2017-06-06,2017-06-13,110,197,204,314,,,,
v_sanhot,OTTAWA,,,,2016-08-05,2016-11-22,,,,2017-06-07,2017-06-19,109,197,209,318,,,,
Nik,OTTAWA,PEQ,,,2016-08-09,2016-11-22,2017-01-23,,,2018-01-09,2018-01-09,105,413,413,518,,,,
T-hEMK,OTTAWA,,,,2016-08-09,2016-11-24,,,,2017-06-06,2017-06-14,107,194,202,309,,,,
Decaleb ,OTTAWA,,,,2016-08-12,2016-11-22,,,,2017-06-02,2017-06-07,102,192,197,299,,,,
pappu13380,OTTAWA,,,,2016-08-16,2016-12-01,2017-01-07,,,2018-02-13,2018-02-19,107,439,445,552,,,,
Balt,OTTAWA,PEQ,,,2016-08-22,2016-11-23,2017-01-23,,,2017-11-08,2017-11-08,93,350,350,443,,,,
sindyxinli,OTTAWA,,,,2016-08-29,2016-11-24,2017-01-30,,,2017-07-18,2017-07-20,87,236,238,325,,,,
Taemee,OTTAWA,PEQ,,,2016-08-30,2016-11-24,2017-11-16,,,2018-02-02,2018-02-19,86,435,452,538,,,,
HereforPR,OTTAWA,,,,2016-09-01,2016-11-24,2017-02-06,,,2017-07-26,2017-07-27,84,244,245,329,,,,
Macarad,OTTAWA,PEQ,,,2016-09-06,2016-11-24,2017-02-07,,,2017-08-03,2017-08-03,79,252,252,331,,,,
PRINCESS,OTTAWA,,,,2016-09-06,2016-12-05,2017-02-07,,,2017-07-26,2017-07-26,90,233,233,323,2019-09-29 at 0:56,,,
Plato,OTTAWA,PEQ,,,2016-09-09,2016-12-07,,,,2018-02-05,2018-02-05,89,425,425,514,,,,
Kikou,OTTAWA,,,,2016-09-12,2016-12-09,2017-02-07,,,2017-08-15,2017-08-16,88,249,250,338,,,,
mpsqra,OTTAWA,,,,2016-09-16,2017-01-12,2017-02-22,,,2017-08-07,2017-08-16,118,207,216,334,,,,
mmemoli,OTTAWA,,,,2016-09-21,2017-01-12,2017-05-10,,,2017-09-13,2017-09-12,113,244,243,356,,,,
weekday,OTTAWA,REG,,,2016-09-22,2017-01-18,,,,2017-08-15,2017-08-16,118,209,210,328,,,,
funjabigabruji,OTTAWA,PEQ,,,2016-09-24,2017-01-15,2017-02-22,,,2017-11-15,2017-11-15,113,304,304,417,,,,
Polyning,OTTAWA,REG,,,2016-09-28,2017-01-20,2017-02-22,,,2018-06-15,2018-06-13,114,511,509,623,,,,
Bars,OTTAWA,PEQ,,,2016-09-29,2017-01-19,2017-05-24,,,2017-10-06,2017-10-10,112,260,264,376,,,,
highheel987,OTTAWA,REG,,,2016-09-29,2017-01-20,Upfront,,,2017-10-06,2017-10-06,113,259,259,372,,,,
sufgan,OTTAWA,REG,,,2016-10-02,2017-01-26,2017-06-05,,,2017-10-03,2017-10-06,116,250,253,369,,,,
Naqvee,OTTAWA,REG,,,2016-10-03,2017-01-26,2017-02-22,,,2017-10-06,2017-10-06,115,253,253,368,,,,
Vicky_nani,OTTAWA,REG,,,2016-10-05,2017-01-27,2017-02-22,,,2017-11-03,2017-11-03,114,280,280,394,,,,
Qc_montreal,OTTAWA,REG,,,2016-10-05,2017-01-26,2017-02-22,,,2017-11-02,2017-11-04,113,280,282,395,,,,
hxy610,OTTAWA,REG,,,2016-10-07,2017-01-27,2017-08-11,,,2017-11-09,2017-11-10,112,286,287,399,,,,
Helldriver011,OTTAWA,,,,2016-10-13,2017-01-27,2017-02-18,,,2018-10-10,2018-10-11,106,621,622,728,,,,
rokib2012,OTTAWA,REG,,,2016-10-14,2017-01-30,2017-02-22,,,2017-11-17,2017-11-24,108,291,298,406,,,,
APOT2016,OTTAWA,REG,,,2016-10-14,2017-02-02,2017-10-30,,,2018-01-16,2018-01-16,111,348,348,459,,,,
MM_industrial_IR,OTTAWA,REG,,,2016-10-17,2017-02-01,2017-02-22,,,2018-02-27,2018-02-27,107,391,391,498,2019-10-29 at 14:30,,,
dancingfrog,OTTAWA,PEQ,,,2016-10-19,2017-02-02,2017-11-03,,,2018-02-13,2018-04-04,106,376,426,532,,,,
aidda-IR,OTTAWA,REG,,,2016-10-19,2017-02-02,2017-11-16,,,2017-12-13,2017-12-15,106,314,316,422,,,,
Yuena,OTTAWA,PEQ,,,2016-10-21,2017-01-27,2017-02-22,,,2017-11-04,2017-11-08,98,281,285,383,2019-09-19 at 14:00,,,
Racing,OTTAWA,,,,2016-10-21,2017-02-09,2017-03-11,,,2017-12-21,2018-01-03,111,315,328,439,,,,
devmtl,OTTAWA,,,,2016-10-26,2017-02-09,2017-03-23,,,2018-02-07,,106,363,,,2019-08-13 at 13:25,"Medical Done: 30/03/2017, Landing fee request and paid : 10/08/2017| ",,
internetsalesman,OTTAWA,PEQ,,,2016-10-27,2017-02-10,2017-03-29,,,2017-12-06,2017-12-07,106,299,300,406,,,,
MTL2MTL,OTTAWA,REG,,,2016-10-27,2017-02-09,2017-03-29,,,2017-12-21,2017-12-22,105,315,316,421,,,,
Betula,OTTAWA,REG,,,2016-10-29,2017-02-16,2017-03-29,,,2017-12-14,2017-12-15,110,301,302,412,,,,
DesertBoi,OTTAWA,REG,,,2016-11-01,2017-02-12,2017-04-05,,,2017-11-16,2017-12-06,103,277,297,400,,,,
Aref.P-IR,OTTAWA,REG,,,2016-11-01,2017-02-12,2017-03-01,,2018-01-04,2018-02-23,2018-02-23,103,376,376,479,,,,
rr88,OTTAWA,PEQ,,,2016-11-03,2017-02-13,2017-03-29,,,2017-12-28,2018-01-03,102,318,324,426,,,,
lewisxaing,OTTAWA,PEQ,,,2016-11-03,2017-10-03,2017-12-15,,,,,334,880,,,2019-09-23 at 10:51,"MR passed on 2018-01-06; Waiting until Jan 1st 2020 to see if person makes any updates, otherwise delete. Leven note here if you are still active",,
kannan.sethu,OTTAWA,REG,,,2016-11-03,2017-02-01,2017-04-01,,,2017-12-12,2017-12-15,90,314,317,407,,,,
Adam1,OTTAWA,,,,2016-11-03,2017-02-19,2017-12-15,,,,,108,1106,,,2019-09-23 at 10:51,"Medical passed ; Waiting until Jan 1st 2020 to see if person makes any updates, otherwise delete. Leven note here if you are still active",,
Simon13,OTTAWA,REG,,,2016-11-04,2017-01-30,2017-03-29,,,2018-01-09,2018-02-13,87,344,379,466,,,,
QS2017,OTTAWA,REG,,,2016-11-04,2017-02-16,2018-03-22,,2018-04-12,2018-04-12,2018-04-23,104,420,431,535,,,,
Ram,OTTAWA,REG,,,2016-11-07,2017-02-19,2017-04-05,,,2017-11-20,2017-12-05,104,274,289,393,,,,
Missingyvonne,OTTAWA,REG,,,2016-11-09,2017-02-17,2017-03-29,,,,,100,1108,,,2019-09-23 at 10:51,"Waiting until Jan 1st 2020 to see if person makes any updates, otherwise delete. Leven note here if you are still active",,
Tanvir Mustan,OTTAWA,REG,,,2016-11-10,2017-02-17,2017-03-29,,,2017-12-21,2017-12-02,99,307,288,387,,,,
Lurker_001,OTTAWA,REG,,,2016-11-10,2017-02-17,2017-03-29,,,2017-12-22,2018-01-03,99,308,320,419,,,,
itsjap89,OTTAWA,REG,,,2016-11-10,2017-02-16,2017-12-15,,,2018-01-18,2018-01-18,98,336,336,434,,,,
Hec2016,OTTAWA,PEQ,,,2016-11-14,2017-02-18,2017-04-05,,,2017-11-17,2017-12-05,96,272,290,386,,,,
Poisonapple,OTTAWA,REG,,,2016-11-14,2017-02-15,2017-03-23,,,2018-01-05,2018-01-05,93,324,324,417,,,,
bachan,OTTAWA,REG,,,2016-11-14,2017-02-16,2017-03-29,,,2018-01-16,2018-01-16,94,334,334,428,,,,
AliChraim,OTTAWA,REG,,,2016-11-14,2017-02-19,2017-03-29,,,2018-02-22,2018-02-23,97,368,369,466,2019-04-18 at 13:36,,,
riri,OTTAWA,REG,,,2016-11-15,2017-02-20,2017-03-31,,2018-02-06,2018-08-17,,97,543,,,2019-08-26 at 10:44,,,
Bestocoto,OTTAWA,REG,,,2016-11-15,2017-02-19,2017-12-15,,,,,96,1106,,,2019-09-23 at 10:51,"Waiting until Jan 1st 2020 to see if person makes any updates, otherwise delete. Leven note here if you are still active",,
genconian13,OTTAWA,REG,,,2016-11-16,2017-02-16,2017-03-29,,,,,92,1109,,,2019-09-23 at 10:52,"Waiting until Jan 1st 2020 to see if person makes any updates, otherwise delete. Leven note here if you are still active",,
DorinaD,OTTAWA,REG,,,2016-11-18,2017-02-21,upfront,,2018-05-14,,,95,1104,,,2019-08-13 at 13:26,Medicals upfront 23-03-2017. RPRF fee paid 06-04-2017| did you get ppr? Medicals recieved on 23-03-2018 updated on ECAs. got pre-arrival email today may 14th/,,
Andy000,OTTAWA,REG,,,2016-11-18,2017-02-17,2017-04-04,,,2018-02-06,2018-03-01,91,354,377,468,,,,
West,OTTAWA,REG,,,2016-11-21,2017-02-22,2017-04-04,,,2018-01-17,2018-01-18,93,329,330,423,,,,
djun,OTTAWA,REG,,,2016-11-21,2017-02-18,2017-03-31,,,2018-01-24,2018-01-23,89,340,339,428,,,,
Charlie,OTTAWA,PEQ,,,2016-11-23,2017-02-21,Upfront,,,2017-12-08,2017-12-12,90,290,294,384,,,,
mikq,OTTAWA,PEQ,,,2016-11-24,2017-02-22,Upfront,,2018-02-02,2018-02-08,2018-02-08,90,351,351,441,,,,
montreal qc,OTTAWA,REG,,,2016-11-24,2017-02-22,2017-03-31,,,,,90,1103,,,2019-09-23 at 10:52,"RPRF Req. 10 Nov 2017 | Waiting until Jan 1st 2020 to see if person makes any updates, otherwise delete. Leven note here if you are still active",,
ab.alzoabi,OTTAWA,PEQ,LBN,INLAND,2016-11-25,2017-02-23,2017-03-31,2019-03-01,2018-02-13,2019-07-19,2019-07-24,90,876,881,971,2019-08-06 at 21:06,,,
W_W,OTTAWA,PEQ,,,2016-11-28,2017-02-24,2017-10-12,,2018-02-16,2018-01-10,2018-01-10,88,320,320,408,,,,
Winners95,OTTAWA,,,,2016-11-28,2017-02-23,2017-04-06,,,2018-02-16,2018-02-16,87,358,358,445,,,,
Varun.nurav13,OTTAWA,PEQ,,,2016-12-02,2017-02-25,2017-12-15,,,2018-02-23,2018-02-27,85,363,367,452,,,,
mp7,OTTAWA,,,,2016-12-02,2017-02-25,Upfront,,,2018-03-02,2018-03-01,85,370,369,454,,,,
Vish_MTL_QC,OTTAWA,REG,IND,INLAND,2016-12-05,2017-02-25,Upfront,,,2019-09-03,2019-09-07,82,920,924,1006,2019-09-23 at 11:48,,,
Michael_Vu,OTTAWA,PEQ,,,2016-12-05,2017-02-25,2017-04-05,,,2017-12-14,2017-12-15,82,292,293,375,2019-08-29 at 9:18,,,
dip,OTTAWA,PEQ,,,2016-12-05,2017-02-25,Upfront,,,,,82,1100,,,2019-09-23 at 10:53,"Waiting until Jan 1st 2020 to see if person makes any updates, otherwise delete. Leven note here if you are still active",,
phoenix111,OTTAWA,PEQ,,,2016-12-08,2017-02-25,2017-04-05,,,2018-01-18,2018-01-18,79,327,327,406,2019-08-29 at 9:20,,,
Staypatient2016-2017,OTTAWA,REG,,,2016-12-08,2017-02-25,2017-04-05,,,2017-12-15,2017-12-15,79,293,293,372,2019-08-29 at 9:18,,,
Lebrab,OTTAWA,,,,2016-12-09,2017-02-26,2017-06-01,,,2018-02-28,2018-03-01,79,367,368,447,2019-08-29 at 9:18,,,
xyz,OTTAWA,REG,,,2016-12-14,2017-02-25,Upfront,,,2018-01-12,2018-01-12,73,321,321,394,2019-08-29 at 9:20,,,
anadkatmeet,OTTAWA,PEQ,,,2016-12-19,2017-02-27,upfront,,,2018-02-13,2018-02-14,70,351,352,422,2019-08-29 at 9:19,,,
,OTTAWA,PEQ,,,2016-12-23,2017-02-27,2017-04-05,,,2018-02-10,2018-02-09,66,348,347,413,,,,
Montreal_120,OTTAWA,REG,,,2016-12-26,2017-03-01,2017-04-05,,2018-02-27,2018-10-19,2018-10-19,65,597,597,662,2019-08-29 at 10:13,,,
wfsoomro,OTTAWA,REG,,,2017-01-06,2017-03-02,2018-02-27,,2018-05-01,2018-05-04,2018-04-30,55,428,424,479,,,,
tombo83,OTTAWA,REG,,,2017-01-06,2017-03-01,2017-07-17,,,2018-03-02,2018-03-08,54,366,372,426,,,,
NN,OTTAWA,PEQ,,,2017-01-11,2017-03-04,2017-07-24,,,,,52,1093,,,2019-08-13 at 13:26,March 2018  I was asked for CV (master's grad kit) and RPR fees/ ,,
ss_Montreal_india,OTTAWA,PEQ,,,2017-01-12,2017-02-19,2017-06-26,,2018-05-01,2018-05-16,,38,451,,,2019-08-13 at 13:08,,,
Ind_Montreal,OTTAWA,REG,,,2017-01-12,2017-03-21,2017-06-28,,2018-03-06,2018-03-21,2018-03-21,68,365,365,433,,,,
Canada_Pun,OTTAWA,PEQ,,,2017-01-16,2017-02-26,2017-07-05,,,2018-03-02,2018-03-02,41,369,369,410,,,,
"""0.8""",OTTAWA,PEQ,,,2017-01-18,2017-11-02,,,,2018-02-06,2018-02-08,288,96,98,386,,,,
Leon Chou,OTTAWA,REG,,,2017-01-18,2017-03-02,2017-07-17,,2018-03-07,,,43,1095,,,2019-08-13 at 13:26,"MER 2017-07-22, RPRF paid after MER and before being requrested, not yet PPR",,
Lukas,OTTAWA,REG,,,2017-01-24,2017-03-08,2017-07-24,,,2018-03-17,2018-03-20,43,374,377,420,,,,
rjpessoa,OTTAWA,PEQ,,,2017-01-27,2017-03-12,2017-07-24,,2018-03-28,2018-04-11,2018-04-13,44,395,397,441,,,,
protask,OTTAWA,REG,,,2017-01-30,2017-03-06,2017-12-19,,,,,35,1091,,,2019-10-24 at 10:00,"Inland - Medical Done - 03 Jan 2018, Medical Passed - 15 Jan 2018. Received request to submit Schedule A on July 4 and submitted on July 5./ Still waiting 19 Oct.// Still waiting 05 Jul 2019. Still waiting 24-Oct-2019",,
KTPU,OTTAWA,REG,,,2017-02-06,2017-03-09,2017-12-19,,,,,31,1088,,,2019-08-13 at 13:26," Inland-Medical done- 03 Jan 201, Medical Passed- 15 Jan 2018 back-check status : under process  ...background check processing from when ? ",,
mriekje,OTTAWA,PEQ,,,2017-02-13,2017-03-10,2017-12-19,,no,2018-07-25,2018-07-25,25,502,502,527,,,,
Montreal89,OTTAWA,PEQ,,,2017-02-13,2017-03-08,2017-12-19,,No,2018-03-06,2018-03-05,23,363,362,385,,,,
A.M.A,OTTAWA,REG,,,2017-02-19,2017-07-24,2018-02-28,,,2018-03-01,2018-03-01,155,220,220,375,,,,
Waelzaza,OTTAWA,,,,2017-02-22,2017-03-12,2017-10-30,,2017-09-19,2018-03-07,2018-03-16,18,360,369,387,,,,
thecentury303,OTTAWA,REG,,,2017-02-23,2017-03-20,2017-12-18,,No,2018-07-04,2018-07-26,25,471,493,518,,,,
mtl2016,OTTAWA,PEQ,,,2017-02-27,2017-03-20,2017-12-18,,2017-12-07,2018-04-25,,21,401,,,2019-08-13 at 13:08,,,
dav00ir,SYDNEY,REG,,,2017-03-06,2017-03-28,2017-12-18,,2017-12-21,,2019-01-31,22,1069,674,696,2019-08-13 at 13:08,,,
EricW,SYDNEY,PEQ,,,2017-03-09,2017-04-05,2017-12-18,,No,2018-10-30,2018-10-17,27,573,560,587,,,,
Mark,OTTAWA,REG,,,2017-03-09,2017-04-15,2018-04-11,,,,,37,1051,,,2019-08-13 at 13:08,,,
Sherry2008,OTTAWA,REG,,,2017-03-10,2017-04-12,2017-12-18,,2018-01-14,2018-06-20,2018-06-19,33,434,433,466,,,,
Sam,OTTAWA,REG,,,2017-03-11,2017-04-14,2017-12-18,,2018-02-21,2018-06-28,2018-06-21,34,440,433,467,,,,
Iran584,OTTAWA,REG,IRN,,2017-03-21,2017-05-15,2017-12-18,,2018-02-23,2018-07-06,2018-07-05,55,417,416,471,2019-07-31 at 12:04,,,
poppyluv,OTTAWA,PEQ,,,2017-03-22,2017-05-18,2017-12-19,,2018-03-22,,2018-07-03,57,1018,411,468,2019-08-13 at 13:09,,,
ravin24,SYDNEY,REG,,,2017-03-22,2017-05-19,Upfront,,2018-02-24,2018-07-06,2018-07-05,58,413,412,470,,,,
ABCD_Montreal,OTTAWA,REG,,,2017-03-23,2017-06-02,2017-12-19,,2018-02-22,2018-10-04,2018-10-17,71,489,502,573,,,,
NeelMTL,SYDNEY,REG,,,2017-03-24,2017-05-23,2017-12-19,,2018-02-22,2018-06-22,2018-06-22,60,395,395,455,,,,
Odd,OTTAWA,PEQ,,,2017-03-27,2017-06-09,2017-12-19,,2018-02-23,2018-10-02,2018-10-01,74,480,479,553,,,,
Mad4u,OTTAWA,REG,,,2017-03-27,2017-04-28,2017-12-18,,2018-02-19,2018-10-09,2018-10-10,32,529,530,562,,,,
rubysayhi,OTTAWA,REG,,,2017-03-31,2017-06-10,2017-12-19,,2018-02-23,2018-07-10,2018-07-10,71,395,395,466,,,,
Ralela,OTTAWA,REG,,,2017-03-31,2017-06-16,2017-12-19,,2018-03-07,2018-09-24,2018-09-24,77,465,465,542,,,,
raj07,OTTAWA,REG,,,2017-03-31,2017-06-13,2017-12-19,,2018-02-23,2018-09-26,2018-09-26,74,470,470,544,,,,
HR,OTTAWA,REG,,,2017-03-31,2017-06-12,2017-12-19,,2018-03-06,2018-09-28,2018-09-28,73,473,473,546,,,,
ManuRTVC,SYDNEY,PEQ,,,2017-04-03,2017-06-14,2018-02-03,,2018-03-26,2018-07-18,2018-09-04,72,399,447,519,2019-08-13 at 13:26,,,
Panou,SYDNEY,PEQ,,,2017-04-05,2017-06-21,2018-02-12,,2018-03-23,,,77,984,,,,,,
yacine,OTTAWA,PEQ,,,2017-04-07,2017-06-22,2018-02-12,,,,2018-07-23,76,983,396,472,,,,
Steph,SYDNEY,PEQ,,,2017-04-10,2017-06-25,2018-03-13,,2018-02-27,2018-09-28,2018-09-28,76,460,460,536,,,,
Shadow,SYDNEY,PEQ,,,2017-04-10,2017-06-24,2018-02-14,,,2018-10-17,2018-11-23,75,480,517,592,,,,
RuiRui,SYDNEY,REG,,,2017-04-10,2017-06-23,2018-02-27,,2018-02-28,2018-09-27,2018-09-27,74,461,461,535,,,,
Guer,SYDNEY,REG,,,2017-04-12,2017-06-26,2018-02-27,,2018-08-23,2018-08-28,2018-08-28,75,428,428,503,,,,
sory-IR,SYDNEY,PEQ,IRN,,2017-04-18,2017-07-10,2018-03-19,,2018-02-28,2019-03-19,2019-04-02,83,617,631,714,2019-08-13 at 13:09,,,
Ras,SYDNEY,REG,,,2017-04-25,2017-07-17,2018-03-20,,2018-03-01,,2019-05-27,83,958,679,762,2019-10-11 at 11:31,,,
Jushiro,SYDNEY,PEQ,,,2017-04-26,2017-07-12,2018-03-14,,2018-06-22,2018-07-06,2018-07-05,77,359,358,435,,,,
AS,SYDNEY,PEQ,,,2017-04-27,2017-07-13,2018-03-28,,2018-03-22,2019-01-07,2019-01-31,77,543,567,644,,"PCC requested Feb 2018, CV requested Oct 2018",,
Elvira74,SYDNEY,PEQ,,,2017-04-27,2017-07-30,2018-03-15,,2018-05-24,2018-05-26,2018-05-24,94,300,298,392,,,,
Moiz.kapadia,OTTAWA,REG,,,2017-04-27,2017-07-13,2018-03-19,,2018-03-02,2018-09-26,,77,440,,,2019-08-13 at 13:09,,,
Mon_Qc,OTTAWA,,,,2017-05-01,2017-07-21,2018-03-19,,,,2018-09-26,81,954,432,513,,,,
SK,SYDNEY,REG,,,2017-05-09,2017-08-01,2018-03-28,,2018-03-27,2018-10-10,2018-10-11,84,435,436,520,,,,
prad.quebec,OTTAWA,REG,,,2017-05-11,2017-07-31,Upfront,,2018-03-12,2018-10-10,2018-10-10,81,436,436,517,,,,
John mtl ,OTTAWA,REG,,,2017-05-15,2017-08-03,2018-03-28,,2018-03-28,2018-10-10,2018-10-11,80,433,434,514,,,,
goodboy97,OTTAWA,REG,,,2017-05-25,2017-08-15,2018-02-26,,2018-03-21,2018-10-18,2018-11-23,82,429,465,547,2019-07-05 at 20:58,Passport received on 6 DEC 2018 ,,
LJ,SYDNEY,REG,,,2017-05-25,2017-08-08,2018-03-21,,2018-03-16,2019-07-04,2019-07-04,75,695,695,770,2019-09-10 at 19:39,,,
Pelobzh,,PEQ,,INLAND,2017-06-01,2017-09-15,2018-02-01,,,2019-07-31,2019-07-31,106,684,684,790,2019-08-26 at 10:46,,,
NMontD,OTTAWA,REG,,,2017-06-05,2017-09-21,2018-02-14,,2018-05-22,2018-08-16,2018-08-16,108,329,329,437,,,,
jess-IR,OTTAWA,REG,IRN,INLAND,2017-06-05,2017-09-21,2018-02-15,,2018-08-17,,,108,892,,,2019-08-13 at 13:10,,,
Didive,MANILA,PEQ,,,2017-06-07,2017-09-22,2018-02-15,,2018-08-14,2018-08-16,2018-08-16,107,328,328,435,2019-08-12 at 18:41,,,
tony ,SYDNEY,REG,,,2017-06-07,2017-10-05,2018-04-19,,2018-05-15,2018-10-11,2018-10-18,120,371,378,498,,,,
kdpoudel,SYDNEY,,,,2017-06-07,2017-10-02,2018-03-28,,2018-05-24,2018-10-18,2018-10-22,117,381,385,502,2019-04-01 at 13:50,,,
Abraham,SYDNEY,REG,,,2017-06-13,2017-12-19,2018-02-27,,,2018-06-22,2018-06-22,189,185,185,374,,,,
Hoss_IR,OTTAWA,PEQ,IRN,,2017-06-14,2017-09-29,2018-02-14,,2018-08-19,,,107,884,,,2019-08-13 at 13:09,,,
Patrizia,,PEQ,,,2017-06-19,2017-10-04,2018-02-14,,2018-09-27,2018-10-05,2018-10-09,107,366,370,477,,,,
KPA_Canada,OTTAWA,REG,,,2017-06-19,2017-10-03,2018-02-14,,2018-06-28,2018-09-05,2018-09-06,106,337,338,444,,,,
SRH,SYDNEY,REG,,,2017-06-19,2017-10-04,Upfront,,2018-04-20,2018-07-04,2018-07-03,107,273,272,379,2019-05-09 at 13:49,,,
MKM221,SYDNEY,PEQ,,,2017-06-22,2017-10-11,2018-02-14,,2018-09-27,,2018-03-19,111,872,159,270,,,,
Helenyta,OTTAWA,PEQ,,,2017-06-26,2017-10-10,2018-02-14,,,,,106,873,,,2019-08-13 at 13:09,,,
Nelly,SYDNEY,PEQ,,,2017-06-26,2017-10-12,2018-03-19,,2018-05-02,2018-08-01,2018-08-06,108,293,298,406,2019-04-01 at 13:50,,,
mattsfk,SYDNEY,PEQ,,,2017-06-27,2017-10-17,2018-03-28,,2018-03-21,2018-10-12,2018-10-12,112,360,360,472,,,,
sunny,OTTAWA,PEQ,,,2017-07-06,2017-10-20,2018-02-28,,,,2019-03-05,106,863,501,607,2019-08-13 at 13:10,,,
CinSor,OTTAWA,PEQ,IRN,INLAND,2017-07-06,2017-10-31,2018-03-28,,2019-09-07,2019-09-07,2019-09-11,117,676,680,797,2019-09-13 at 14:36,,,
odettealg,OTTAWA,REG,,,2017-07-06,2017-10-31,Upfront,,2018-03-21,,,117,852,,,2019-08-13 at 13:10,,,
SBasu,OTTAWA,PEQ,,,2017-07-07,2017-10-20,2018-05-16,,,2018-08-10,2018-08-10,105,294,294,399,,,,
Reeshil,SYDNEY,REG,,,2017-07-07,2017-09-01,2018-04-09,,2018-03-09,2018-10-19,,56,413,,,2019-03-29 at 10:19,,,
SMS,OTTAWA,REG,,,2017-07-10,2017-10-26,2018-03-28,,2018-03-28,2018-08-24,2018-08-24,108,302,302,410,,,,
sme990,OTTAWA,REG,,,2017-07-10,2017-10-24,2018-03-28,,2018-03-21,2018-10-16,2018-11-23,106,357,395,501,2019-08-06 at 15:36,,,
lll,OTTAWA,PEQ,,,2017-07-13,2017-10-26,2018-03-28,,2018-03-23,2018-08-29,2018-08-29,105,307,307,412,2019-08-06 at 15:36,,,
mtlPeq,OTTAWA,PEQ,,,2017-07-17,2017-10-30,2018-03-28,,2018-03-24,,,105,853,,,2019-08-13 at 13:10,,,
DM,SYDNEY,PEQ,,,2017-07-18,2017-10-31,2018-03-28,,,2018-08-30,2018-09-05,105,303,309,414,,,,
pcanadaja,SYDNEY,REG,,,2017-07-20,2017-09-07,2018-06-21,,2018-04-06,2018-10-29,2018-11-26,49,417,445,494,2019-08-13 at 13:04,,,
na,OTTAWA,PEQ,,,2017-07-24,2017-11-02,2018-07-17,,,,,101,850,,,2019-08-13 at 13:11,,,
dfc348,OTTAWA,PEQ,,,2017-07-25,2017-11-07,2018-03-28,,2018-05-02,2018-11-05,2018-11-23,105,363,381,486,2019-08-13 at 13:11,,,
DonF-IR,SYDNEY,REG,,,2017-07-25,2017-11-02,Upfront,,2018-03-27,2018-10-03,2018-10-03,100,335,335,435,,,,
mpreetsingh,SYDNEY,,,,2017-07-26,2017-09-11,Upfront,,2018-03-15,,,47,902,,,2019-04-09 at 13:56,"Medical, Eligibility and Criminality - passed on 15 March, 2018; Security passed on 5 Nov, 2018   (Did you get your DM?) It has been more than 20 months! any news?",,
Jagga,SYDNEY,REG,IND,,2017-08-02,2017-11-07,2018-03-29,,2018-04-04,2018-09-26,2018-09-26,97,323,323,420,2019-08-26 at 10:46,,,
darbydd,OTTAWA,PEQ,,,2017-08-08,2017-11-14,2018-03-28,,2018-03-29,2019-01-04,2019-01-31,98,416,443,541,2019-10-11 at 11:32,,,
MTLCDN2017,OTTAWA,REG,,,2017-08-10,2017-11-15,2018-03-28,,2018-04-05,2018-10-23,2018-11-23,97,342,373,470,,,,
RPU,SYDNEY,PEQ,,,2017-08-11,2017-11-29,2018-03-28,,2018-04-05,2018-12-12,2018-11-23,110,378,359,469,2019-08-13 at 13:28,,,
DP_Montreal,SYDNEY,PEQ,,,2017-08-14,2017-11-28,2018-03-28,,,2018-12-10,2018-11-23,106,377,360,466,2019-08-13 at 13:04,,,
SAAM83,OTTAWA,PEQ,,,2017-08-15,2017-11-29,2018-03-28,,,,2019-10-03,106,823,673,779,2019-10-11 at 14:35,CV: May 2019    /Ready for visa:3/Oct/2019,,
lalala,SYDNEY,PEQ,,,2017-08-18,2017-11-23,2018-04-06,,2018-04-07,2019-04-23,2019-04-23,97,516,516,613,2019-10-09 at 13:36,,,
Madagascar1,SYDNEY,PEQ,,,2017-08-22,2017-11-26,2018-04-09,,2018-04-09,2019-05-01,2019-05-08,96,521,528,624,2019-10-11 at 11:33,,,
MANSEV,SYDNEY,REG,IND,OUTLAND,2017-08-23,2017-11-27,2018-04-19,,2018-06-01,2019-07-27,2019-07-29,96,607,609,705,2019-08-06 at 16:08,,,
almost_pr,ABU DHABI,PEQ,DEU,INLAND,2017-08-24,2017-11-29,2018-04-11,,2018-03-30,2019-06-06,2019-06-05,97,554,553,650,2019-10-10 at 0:09,"Add. doc. req. (18-03-05), pass. medical (18-05-01), GCMS notes req. 18-09-14; GCMS notes req. 19-03-12",,
Edo,SYDNEY,PEQ,,,2017-08-25,2017-11-29,2018-04-11,,2018-03-30,,,96,823,,,2019-08-13 at 13:29,No Update as of March 19 2019,,
JC2017,OTTAWA,REG,CHN,INLAND,2017-08-25,2017-11-29,2018-04-11,,2018-03-30,,2019-08-06,96,823,615,711,2019-08-09 at 15:06,"Additional documents request on 03-29-2018. | MEDICAL PASSED , Any update mate ? not yet 7 Feb 2019. Any update? No as of 29 Apr.",,
NextTeam,SYDNEY,REG,,,2017-08-28,2017-11-30,2018-03-29,,2018-05-04,2019-06-06,2019-06-05,93,554,553,646,2019-06-06 at 21:42,,,
Osanam,OTTAWA,REG,,,2017-08-29,2017-12-01,2018-03-24,,2018-05-03,2019-04-19,2019-04-23,94,504,508,602,2019-08-13 at 13:11,,,
XxxMmm,SYDNEY,REG,,,2017-08-31,2017-12-04,2018-04-16,,2018-04-17,,2019-06-05,95,818,548,643,2019-06-05 at 19:12,,,
Manni,SYDNEY,REG,,,2017-09-01,2017-12-05,2018-03-28,,2018-04-18,,,95,817,,,,"RPRF,PCC,Medicals done on April 10, 2018 and passed",,
mtlpeq,SYDNEY,PEQ,,,2017-09-05,2017-12-15,2018-09-14,,2018-09-15,2019-01-04,2019-02-05,101,385,417,518,2019-08-06 at 16:08,,,
Qcmugiwara,OTTAWA,REG,BFA,INLAND,2017-09-05,2017-12-06,2019-07-02,,2019-08-09,2019-08-09,,92,611,,,2019-08-13 at 9:00,"July-19, Request for NEW:  PC, PPT copie, IMM 0008, IMM 5462, IMM 5562, IMM 5669, Schedule A and medical exam",,
JGKR,SYDNEY,REG,IND,,2017-09-06,2017-12-14,2018-03-28,,2018-05-07,2019-05-02,2019-05-09,99,504,511,610,2019-08-13 at 13:30,,,
martiansmusic,OTTAWA,REG,IND,INLAND,2017-09-07,2017-12-08,2018-04-06,,2018-04-07,2019-05-14,2019-05-14,92,522,522,614,2019-08-28 at 15:24,"RPRF, PCC upfront, medical's passed. didn't ask us for a remedical. // What's the expiry date of you landing visa? (your medical was more than 1 year ago) I haven‚Äôt gotten the COPR and landing papers yet. I am an inland applicant",,
YN,SYDNEY,REG,,,2017-09-07,2017-12-08,2018-04-10,,2018-04-10,2019-05-14,2019-05-14,92,522,522,614,2019-08-28 at 15:24,"Inland,PPRF on 2018-03-15, Medical Passed",,
RV,SYDNEY,REG,,,2017-09-11,2017-12-11,2018-04-19,,2018-05-28,2019-05-23,2019-06-11,91,528,547,638,2019-06-20 at 10:27,,,
mohaj,SYDNEY,REG,,,2017-09-18,2017-12-14,2018-04-17,,2018-04-18,,,87,808,,,2019-10-11 at 12:22,"Waiting for DM/PPR. Security not started, everythong else is passesmd. Any updates?101011",,
sruthy123 (family of 3),SYDNEY,REG,IND,INLAND,2017-09-18,2017-12-12,2018-04-08,,,2019-08-06,2019-08-06,85,602,602,687,2019-10-11 at 14:15,,,
yy,SYDNEY,PEQ,CHN,INLAND,2017-09-19,2017-12-18,2018-04-17,,2018-04-17,2019-08-19,2019-08-19,90,609,609,699,2019-08-28 at 15:16,,,
Alexandra,SYDNEY,REG,,,2017-09-20,2017-12-18,2018-09-20,,2018-09-21,2019-01-08,2019-02-05,89,386,414,503,2019-04-10 at 20:40,,,
mmislam3210,SYDNEY,PEQ,BGD,OUTLAND,2017-09-20,2017-09-27,2018-06-11,,2018-05-09,,,7,886,,,2019-08-05 at 9:59,21 months gone. still waiting. Are you sure your AOR was 7 days after application?,,
YD,SYDNEY,PEQ,IND,INLAND,2017-09-21,2017-12-18,2018-04-17,2019-07-27,2018-04-18,2019-09-05,2019-09-05,88,626,626,714,2019-09-05 at 8:25,,,
eirrehcil,,,,INLAND,2017-09-21,2017-12-18,2018-04-17,,,2019-08-16,,88,606,,,2019-08-20 13:34,"2018.05 MER and passed,  2019.08.15 Medical extended and passed.",,
Nadia,OTTAWA,PEQ,,,2017-09-25,2018-01-04,2018-09-26,,2018-09-27,,,101,787,,,2019-08-28 at 15:23,,,
mrpeanutbutter,SYDNEY,PEQ,,,2017-09-25,2018-01-10,2018-05-09,,2018-05-10,,2018-10-23,107,781,286,393,2019-08-13 at 13:31,,,
LEWILL,SYDNEY,PEQ,,,2017-10-02,2018-01-08,2018-10-05,,2018-10-06,,,98,783,,,2019-08-16 at 9:35,PRESENT SECURITY CHECK I COVER ALL THIS MY INFOS AND MY FILE BY THE PRECIOUS BLOOD OF JESUS IN JESUS NAME ,,
MH91,SYDNEY,PEQ,LBN,INLAND,2017-10-02,2018-01-16,2018-04-23,,2018-04-23,2019-08-28,2019-08-28,106,589,589,695,2019-10-16 at 11:04,,,
cssdc,OTTAWA,PEQ,CHN,INLAND,2017-10-02,2018-01-08,2018-04-25,,2018-04-24,2019-08-24,2019-08-26,98,593,595,693,2019-10-16 at 11:04,,,
Jainak,OTTAWA,REG,EGY,INLAND,2017-10-04,2018-01-10,2018-04-23,,2018-04-24,2019-08-29,2019-08-29,98,596,596,694,2019-10-16 at 11:04,,,
Zod91,SYDNEY,REG,IND,INLAND,2017-10-04,2018-01-10,2018-04-23,,2018-04-24,2019-09-04,2019-08-26,98,602,593,691,2019-09-04 at 14:51,"The medicals were re-updated as passed on August 21, 2019. What do you mean ""re-update""?--- I mean they rechecked it internally and without even asking for remeds they updated it as passed August 21, 2019",,
OSAMA ALGALAWI,,,LBY,INLAND,2017-10-04,2018-01-15,2018-04-24,,,2019-08-29,,103,591,,,2019-10-11 11:09,,,
Mahmoud K,SYDNEY,REG,,,2017-10-05,2018-01-12,2018-04-24,,2018-04-21,,,99,779,,,2019-10-21 at 9:54, NO updates yet! Any updates 191021?,,
quebec91,OTTAWA,PEQ,,,2017-10-05,2018-01-16,2018-04-23,,,,,103,775,,,2019-10-21 at 9:54,Any updates 191021?,,
jimk,,,,,2017-10-16,2018-01-20,2018-06-01,2019-08-19,,2019-08-28,2019-08-29,96,585,586,682,2019-08-29 12:45,,,
NSD,SYDNEY,PEQ,,,2017-10-18,2018-01-17,2018-03-29,,2018-10-31,,,91,774,,,2019-10-21 at 9:55,"Passed medicals in April 2018, Background check processing since April. Addtional Documents (Certificate of no criminal conviction) request 30-10-2018. ( Any updated?) Nothing, still waiting for DM and passport request... Any updates 191021?",,
Ma_hafe,SYDNEY,REG,,INLAND,2017-10-20,2018-01-19,2018-05-07,,2018-05-08,,,91,772,,,2019-10-21 at 9:55,Any updates 191021?,,
JMAATA,OTTAWA,PEQ,,,2017-10-23,2017-12-22,2018-05-07,,2018-05-07,2018-11-02,2018-11-23,60,315,336,396,2019-08-26 at 10:44,,,
Ayushverma265,SYDNEY,PEQ,,,2017-10-24,2018-01-24,,,2018-05-07,2018-10-22,2018-10-22,92,271,271,363,2019-10-16 at 11:06,,,
Cloverchow ,OTTAWA,PEQ,,,2017-10-25,2018-01-23,2018-05-09,,,2018-10-18,2018-11-23,90,268,304,394,2019-08-13 at 13:05,,,
Fez,SYDNEY,PEQ,,INLAND,2017-10-25,2018-01-24,Upfront,,2018-05-07,,2018-10-26,91,767,275,366,2019-08-21 at 14:50,,,
Budd,SYDNEY,PEQ,,,2017-10-25,2018-01-23,2018-05-07,,,2018-10-19,2018-10-26,90,269,276,366,2019-04-01 at 17:17,,,
QWWG,SYDNEY,PEQ,,,2017-10-30,2018-01-22,2018-07-24,,2018-07-24,,,84,769,,,2019-10-21 at 9:55,Any updates 191021?,,
yesh,SYDNEY,REG,IND,INLAND,2017-11-01,2018-01-16,Upfront,,2018-07-26,2019-09-06,2019-08-26,76,598,587,663,2019-10-11 at 11:08,,,
Vince,SYDNEY,PEQ,MYS,OUTLAND,2017-11-08,2018-01-29,2018-06-21,,2018-06-02,2019-03-19,2019-03-19,82,414,414,496,2019-10-05 at 13:07,,,
leokun,OTTAWA,PEQ,TUR,INLAND,2017-11-15,2018-02-06,2019-01-03,,2019-01-02,,,83,754,,,2019-10-05 at 13:08," SC started in AUG 2019 acourding to the angent on the phone, everything else passed, still waiting 05/10/19",,
DenKoba,SYDNEY,PEQ,RUS,,2017-11-15,2018-02-06,2018-06-20,,2018-07-24,2019-03-21,2019-03-22,83,408,409,492,2019-08-06 at 16:09,,,
Denbond,SYDNEY,REG,RUS,OUTLAND,2017-11-15,2018-05-12,2019-09-17,2019-10-03,,2019-10-08,2019-10-24,178,514,530,708,2019-10-25 at 2:48,,,
nizgoon,OTTAWA,PEQ,,,2017-11-17,2018-02-06,2018-07-26,,2018-07-27,2019-03-19,2019-03-19,81,406,406,487,2019-08-28 at 15:21, New passport req for the almost expireing wife's passport. ,,
üö¥‚Äç‚ôÇÔ∏è flvlef,SYDNEY,PEQ,FRA,INLAND,2017-11-22,2018-02-08,2019-01-07,,2019-01-07,2019-06-06,2019-06-06,78,483,483,561,2019-10-01 at 10:04,,,
RMPN,OTTAWA,PEQ,BRA,,2017-11-30,2018-02-16,2018-07-30,,2018-07-31,2019-04-03,2019-03-27,78,411,404,482,2019-08-13 at 13:32,,,
NeverEndingProcessingTime,SYDNEY,REG,BRA,INLAND,2017-12-06,2018-02-20,2018-04-28,,2018-12-03,,,76,740,,,2019-10-17 at 11:28,Any update 191017?,,
paras_123(family of 5),,,PAK,OUTLAND,2017-12-10,2018-02-10,2019-09-17,,2019-03-01,2019-10-10,2019-10-11,62,607,608,670,2019-10-11 14:14,"Add Docs Reqd Aug 2018  , Add Doc Submitted in Sep 2018 ",,
Noor0810,OTTAWA,REG,,OUTLAND,2017-12-11,2018-02-21,2019-02-05,,,2019-09-26,2019-09-26,72,582,582,654,2019-09-30 at 12:49,,,
Ahoo ,SYDNEY,PEQ,IRN,INLAND,2017-12-18,2018-02-27,2018-03-30,,2018-08-03,,,71,733,,,2019-10-24 at 10:11,No updates (April 15th)/ cv request AUG 25th/ have you heard anything after CV request? I also received this request. Thanks. Any updates 191024?,,
MotchaSui,OTTAWA,REG,CHN,INLAND,2017-12-21,2018-02-28,2018-04-18,,2018-08-03,,,69,732,,,2019-10-04 at 12:05,Any update?No May 16 When did you wite this? This year or last? 2019/05/16 still no updates btw as of 19/10/04,,
Nannu (family of 3),SYDNEY,REG,IND,INLAND,2017-12-21,2018-02-28,2018-04-18,2018-10-10,2018-07-03,2019-11-02,2019-11-04,69,612,614,683,2019-10-21 at 12:18,Congrats!,,
tonyware,OTTAWA,REG,,,2017-12-23,2018-02-13,2018-07-04,,2018-07-04,,,52,747,,,2019-10-21 at 13:39,Any updates191105?,,
Marvin,OTTAWA,REG,AUS,INLAND,2017-12-24,2018-03-02,2018-03-28,,,2019-08-02,,68,518,,,2019-09-26 at 3:45,,,
 ÂùöËãó,SYDNEY,PEQ,,,2017-12-24,2018-04-26,,,,,,123,675,,,2019-10-16 at 11:07,Any updates 191030?,,
RSL,SYDNEY,REG,IND,INLAND,2018-01-08,2018-03-05,2018-04-18,,2018-08-15,2019-08-27,2019-08-27,56,540,540,596,2019-10-11 at 11:08,,,
arc6016,,,NPL,OUTLAND,2018-01-10,2018-03-10,2018-08-01,2019-08-01,,2019-09-07,,59,546,,,2019-09-09 12:31,,,
sc---,OTTAWA,PEQ,CHN,INLAND,2018-01-18,2018-03-10,2018-04-18,,2018-08-10,2019-08-03,2019-08-06,51,511,514,565,2019-08-06 at 7:55,,,
XW,SYDNEY,PEQ,CHN,INLAND,2018-01-25,2018-03-14,2018-04-18,,2018-08-16,,,48,718,,,2019-10-17 at 13:51,Security started finally...,,
Mel,SYDNEY,PEQ,,INLAND,2018-02-08,2018-03-20,2018-08-24,,2018-08-25,2019-10-15,2019-09-23,40,574,552,592,2019-10-15 at 15:10,Done & Gone! Good luck everybody!! :) ,,
lalaLand,SYDNEY,REG,IND,INLAND,2018-02-14,2018-03-29,2019-09-19,,2019-03-15,,,43,703,,,2019-10-11 11:08,,,
Racineba,,,,INLAND,2018-02-16,2018-03-24,upfront,,,2019-09-13,,36,538,,,2019-10-11 at 12:16,May 24 2019 Medical passed/ August 26 2019 Additional document request /September 20 2019 LAnding Interview and Confirmation of PR at the Etobicoke office,,
gevis84,OTTAWA,PEQ,BRA,INLAND,2018-02-26,2018-03-28,2018-06-08,,2018-09-12,2019-08-22,2019-08-26,30,512,516,546,2019-08-26 at 10:43,,,
Catsy88,SYDNEY,PEQ,FRA,INLAND,2018-02-26,2018-03-28,2018-09-25,,2019-03-30,,,30,704,,,2019-10-11 11:08,,,
Jsierra1010  ,SYDNEY,REG,COL,INLAND,2018-02-26,2018-04-27,2018-06-04,,2018-09-22,2018-11-26,2018-11-26,56,213,213,269,2019-10-29 at 13:54,,,
shannonT,,,,,2018-02-26,2018-03-28,2019-09-25,,,2019-10-19,2019-10-22,30,570,573,603,2019-10-22 at 15:46,Medical received: 03 October 2019,,
ghapama,,,FRA,INLAND,2018-03-02,2018-03-28,2019-09-30,,,,,26,704,,,2019-10-09 13:34,,,
Dboy,OTTAWA,PEQ,,,2018-03-03,2018-04-09,,,,,,37,692,,,2019-10-11 at 11:07,,,
ALB,SYDNEY,PEQ,FRA,INLAND,2018-03-08,2018-04-12,2019-10-15,,,,,35,689,,,2019-10-15 at 10:28,,,
rsk,OTTAWA,REG,IND,INLAND,2018-03-15,2018-04-17,2018-09-26,,2018-09-28,2019-07-22,2019-07-15,33,461,454,487,2019-08-13 at 13:34,GCMS notes helped it seems.,,
Firewall,SYDNEY,PEQ,FRA,INLAND,2018-03-16,2018-04-20,2018-10-04,,,2019-06-27,2019-06-28,35,433,434,469,2019-07-02 at 8:47,"Guys, I ordered my notes exactly a month ago and I think it helped getting decision made!",,
FV,SYDNEY,PEQ,USA,INLAND,2018-03-19,2018-04-23,2018-10-04,,2018-10-06,,2019-06-27,35,678,430,465,2019-10-23 at 10:25,,,
Nits291092,SYDNEY,REG,IND,INLAND,2018-03-21,2018-05-28,,,2019-07-12,,,68,643,,,2019-10-11 at 14:18,They sent me mail to send Rprf fee 12 July 2019,,
Soni94 ,,PEQ,EGY,OUTLAND,2018-03-25,2018-05-01,2018-05-01,,2018-11-01,2019-07-30,,37,455,,,2019-10-20 at 6:09,,,
Jeff Z,OTTAWA,PEQ,CHN,INLAND,2018-03-28,2018-05-08,2018-10-11,,2018-10-13,2019-07-29,2019-07-29,41,447,447,488,2019-10-11 at 11:07,,,
Y.Z,SYDNEY,PEQ,EGY,INLAND,2018-03-28,2018-05-29,2018-10-11,,2018-10-13,2019-10-08,2019-10-08,62,497,497,559,2019-10-19 at 5:25,,,
Seema22,,,IND,,2018-04-01,2018-05-30,2018-10-01,,,2019-07-27,2019-07-31,59,423,427,486,2019-10-11 at 11:07,,,
EP2015,SYDNEY,PEQ,ALB,INLAND,2018-04-09,2018-05-11,2018-05-11,2019-08-27,2019-08-28,2019-10-16,2019-10-16,32,523,523,555,2019-10-18 at 21:13,"Remedical: request 27 August, 2019, done on 04 Sept 2019; passed on 14 Sept 2019",,
Arvin,SYDNEY,REG,IRN,,2018-04-26,2018-06-20,2018-10-24,,2018-10-25,,,55,620,,,2019-09-11 at 19:39,did your background check start? Yes. It started about two/three month ago.,,
adkar1983,SYDNEY,PEQ,,,2018-04-27,2018-06-21,,,,,,55,619,,,2019-07-25 at 17:14,,,
Hol√†,SYDNEY,PEQ,TUN,INLAND,2018-05-02,2018-06-28,2019-10-21,,,,,57,612,,,2019-10-23 at 10:28,Background check still running. Favorable results for medical received today Nov 6.,,
Paul,SYDNEY,REG,LBN,OUTLAND,2018-05-02,2018-06-29,,,,,,58,611,,,2019-09-04 at 9:25,,,
cissy,SYDNEY,PEQ,,,2018-05-02,2018-07-31,2018-06-06,,,,,90,579,,,2019-07-25 at 17:16,,,
Ninetea,OTTAWA,PEQ,,,2018-05-02,2018-05-25,2018-05-25,,2018-11-03,,,23,646,,,2019-06-03 at 9:56,"Medical, Eligibility and Criminal Check passed, Security check not yet started.",,
RoyB,SYDNEY,PEQ,ESP,INLAND,2018-05-07,2018-06-14,2018-11-01,,2018-11-03,2019-08-13,2019-07-31,38.44444444,424.5555556,411.5555556,450,2019-08-28 at 15:19,"Medical passed on Nov. 9th. Additional Police Records request on November 2nd, sent on Nov. 18th./ ""the documents you provided are being reviewed"" 2019/03/25 //how long since ur docs are being reviewed? 5 months 2019/05/06 // have you requested the GCMS notes? No ",,
LUCY,SYDNEY,PEQ,MDA,INLAND,2018-05-09,2018-07-09,2019-10-21,,,,,61,601,,,2019-10-29 at 8:09,"Backrgound check started // Not yet (June 26th) // on 25th of September - request of payment (right of permanent residence), paid same day / Medical passed on 25th of October",,
KGAN,SYDNEY,PEQ,,,2018-05-11,2018-07-10,2018-10-24,,,,,60,600,,,2019-10-11 at 11:05,,,
GLAZE,SYDNEY,REG,PHL,INLAND,2018-05-14,2018-05-30,upfront,,2018-11-16,,,16,641,,,2019-09-24 at 17:38,"RPRF Paid, Medical Passed, PCC requested.",,
GRAF,SYDNEY,,,,2018-05-22,2018-07-20,2018-11-15,,2018-11-16,2019-08-22,2019-08-22,59,398,398,457,2019-08-26 at 10:43,,,
CharlesHoang,,PEQ,VNM,INLAND,2018-05-28,2018-07-28,2018-11-15,,2018-11-16,2019-08-29,2019-08-29,61,397,397,458,2019-09-01 9:09,Medical exam + PPC submitted: 5 Dec 2018,,
Taco,SYDNEY,PEQ,COL,INLAND,2018-06-07,2018-08-08,2018-12-07,,2018-11-17,2019-09-11,2019-09-11,62,399,399,461,2019-10-20 6:10,,,
Danny ,SYDNEY,PEQ,COL,INLAND,2018-06-08,2018-08-08,2018-08-29,,2019-06-19,2019-06-26,2019-06-26,61,322,322,383,2019-08-28 at 15:34, requested me my police background in october 2018,,
kapaav,SYDNEY,REG,BLR,OUTLAND,2018-06-18,2018-08-14,2019-09-25,2019-10-02,,2019-10-08,2019-10-16,57,420,428,485,2019-10-18 at 16:32,,,
EVA ,SYDNEY,PEQ,AUS,OUTLAND,2018-06-20,2018-08-15,2018-11-01,,,2019-08-28,2019-09-09,56,378,390,446,2019-10-11 at 11:05,,,
Hoppi,SYDNEY,PEQ,AUS,INLAND,2018-06-21,2018-08-20,2018-11-19,,2018-11-20,2019-09-17,2019-09-19,60,393,395,455,2019-10-09 at 15:20,didnt ask for gcms,,
Sara,SYDNEY,PEQ,IRN,INLAND,2018-06-25,2018-08-19,2018-12-12,,2018-11-30,2019-09-03,2019-09-04,55,380,381,436,2019-09-17 at 20:56,"Police certificate requested on 2018-11-29// anyhing after this? Medical got passed 3 days after  the request. Background check in process since November (March 25th). Called CIC twice no new updates (March 25th). // any news? Not yet/ August 29, 2019, A newupdate asking for a resume was received. / Background check was complete in December 2018. Basically everything was done in December 2019, and it took another 9 months to reopen the file. So 9 months for nothing!!!",,
Titan (family of 3),SYDNEY,REG,CHN,OUTLAND,2018-06-25,2019-01-22,,,,,,211,404,,,2019-10-11 at 14:15,,,
andienzen,SYDNEY,PEQ,DEU,INLAND,2018-06-29,2018-08-22,2018-11-20,,2018-11-21,2019-09-09,2019-09-09,54,383,383,437,2019-09-25 at 20:00,"GCMS notes (2019-06-21): Eligibility, Medical, Criminality: passed; Security: not started; File location: Ready for PS; Ghost update on 2019-09-06 - mailed everything on Sept. 9, CoPR received on Sept. 25",,
lawrenceraj,,,,,2018-07-05,2018-08-25,2018-10-23,,2019-10-08,2019-10-08,,51,409,,,2019-10-09 13:24,Payment Made - OCT 23rd 2018  Medical passed and done - OCT26th 2018.,,
Mab,,PEQ,IRN,INLAND,2018-07-09,2018-09-18,,,,,,71,530,,,2019-08-05 at 16:37,,,
Konvict,SYDNEY,PEQ,DEU,INLAND,2018-07-16,2018-09-07,,,,,,53,541,,,2019-10-20 at 16:47,,,
Lester,SYDNEY,PEQ,,,2018-07-17,2018-09-14,,,,,,59,534,,,2019-10-09 at 16:55,,,
freepalestine,SYDNEY,PEQ,VNM,INLAND,2018-07-18,2018-09-19,,,,,,63,529,,,2019-07-01 at 0:18,,,
lcm ,SYDNEY,PEQ,KOR,OUTLAND,2018-07-19,2018-09-13,2018-11-22,,2018-11-24,2019-06-02,2019-06-27,56,262,287,343,2019-10-11 at 11:04,"1st GCMS : March 6th  2nd GCMS requested on May 20th (Security still not started) // Got PPR on 27th June. // Sent PP on 6.28, Approved 7.16 //",,
MB,SYDNEY,PEQ,MEX,INLAND,2018-07-23,2018-09-20,,,,,,59,528,,,2019-07-03 at 13:00,,,
Vellox,SYDNEY,REG,BRA,INLAND,2018-07-23,2018-09-04,,,,,,43,544,,,2019-09-15 at 19:35,,,
iskrav,SYDNEY,REG,UKR,OUTLAND,2018-07-23,2018-09-28,2018-11-14,2018-11-21,,2019-07-10,2019-07-19,67,285,294,361,2019-10-18 at 16:35,,,
Nadia Z,SYDNEY,PEQ,CHN,INLAND,2018-07-24,2018-09-24,,,,,,62,524,,,2019-10-11 11:03,,,
Cezar G.,SYDNEY,REG,MDA,OUTLAND,2018-07-25,2019-03-09,,,,,,227,358,,,2019-08-05 at 10:32,,,
Al,SYDNEY,REG,EGY,INLAND,2018-08-01,2019-01-23,,,,,,175,403,,,2019-10-16 at 14:51,,,
4AK,SYDNEY,REG,UKR,OUTLAND,2018-08-01,2018-11-15,2019-01-02,,,2019-09-09,2019-09-09,106,298,298,404,2019-10-11 11:03,,,
Ghostrider0789,SYDNEY,REG,IND,INLAND,2018-08-07,2019-03-16,Upfront,,,,,221,351,,,2019-06-28 at 15:35,,,
Alexandru MD,SYDNEY,REG,MDA,OUTLAND,2018-08-14,2018-11-05,2018-12-13,2018-12-19,,2019-07-30,2019-08-15,83,267,283,366,2019-10-21 10:02,,,
Sonia Han,SYDNEY,PEQ,CHN,INLAND,2018-08-16,2018-11-16,,,,,,92,471,,,2019-08-13 at 23:44,,,
Candy,SYDNEY,PEQ,CHN,INLAND,2018-08-21,2018-11-19,,,,,,90,468,,,2019-09-03 at 11:59,,,
cc7,SYDNEY,PEQ,CHE,INLAND,2018-08-29,2018-11-24,,,,,,87,463,,,2019-09-03 19:45,,,
SONA,SYDNEY,REG,IND,INLAND,2018-09-04,2019-01-18,,,,,,136,408,,,2019-09-24 at 16:51,,,
Tuntun,SYDNEY,PEQ,,,2018-09-04,2018-10-26,,,,,,52,492,,,2019-03-27 at 15:02,,,
AMAD,SYDNEY,PEQ,,,2018-09-04,2018-10-29,,,,,,55,489,,,2019-08-23 at 13:52,,,
Cindy,OTTAWA,PEQ,,,2018-09-06,2018-11-05,,,,,,60,482,,,2019-10-11 at 11:03,,,
asdfgh789,SYDNEY,PEQ,BRA,INLAND,2018-09-07,2018-11-01,Upfront,,,,,55,486,,,2019-09-23 at 21:34,,,
lala,SYDNEY,PEQ,COL,INLAND,2018-09-14,2018-12-06,2019-11-26,,,,,83,451,,,,,,
Dorm_cs,SYDNEY,PEQ,,,2018-09-28,2018-12-14,,,,,,77,443,,,2019-10-22 at 9:34,,,
Julia,SYDNEY,REG,,,2018-10-01,2018-12-18,,,,,,78,439,,,2019-07-25 at 17:05,,,
ertarun,SYDNEY,REG,,OUTLAND,2018-10-11,2018-12-24,2019-10-03,,,2019-10-21,2019-10-30,74,301,310,384,2019-10-22 at 9:40,,,
charlotte S,SYDNEY,PEQ,CHN,INLAND,2018-10-23,2019-01-08,,,,,,77,418,,,2019-10-23 13:38,,,
Ruban7,SYDNEY,PEQ,,INLAND,2018-10-24,2018-12-20,,,,,,57,437,,,2019-07-14 at 17:31,,,
Victor ,SYDNEY,PEQ,CHN,INLAND,2018-10-26,2019-01-12,,,,,,78,414,,,2019-07-02 at 23:24,,,
ADP,SYDNEY,PEQ,ESP,INLAND,2018-10-31,2019-01-15,,,,,,76,411,,,2019-07-23 at 11:50,,,
AkaneJ,SYDNEY,PEQ,CHN,OUTLAND,2018-11-01,2019-01-17,,,,,,77,409,,,2019-05-21 at 18:51,,,
Vermouth,SYDNEY,PEQ,,,2018-11-13,2019-01-31,,,,,,79,395,,,2019-05-21 at 18:51,,,
Liv,SYDNEY,PEQ,,,2018-11-16,2019-01-04,,,,,,49,422,,,2019-10-21 at 10:03,,,
Jeremy CHEN,OTTAWA,PEQ,CHN,,2018-11-22,2019-02-09,,,,,,79,386,,,2019-07-15 at 11:45,,,
Kairus2016,,PEQ,,,2018-11-26,2019-02-16,2019-10-09,,,,,82,379,,,2019-10-16 13:58,RPRF Payment on 09-Oct-2019,,
cutiealice,SYDNEY,PEQ,RUS,INLAND,2018-12-03,2019-02-21,,,,,,80,374,,,2019-07-02 at 0:02,,,
xinx,SYDNEY,PEQ,CHN,INLAND,2018-12-07,2019-02-28,,,,,,83,367,,,2019-03-27 at 11:09,,,
sxysss,SYDNEY,PEQ,,,2018-12-12,2019-03-02,,,,,,80,365,,,2019-05-03 at 23:32,,,
mmchiu,SYDNEY,PEQ,CHN,,2018-12-13,2019-03-06,,,,,,83,361,,,2019-10-21 at 11:48,,,
a_pritesh,SYDNEY,PEQ,IND,OUTLAND,2018-12-21,2019-03-16,2019-10-01,,,2019-10-19,2019-10-19,85,217,217,302,2019-10-22 at 9:41,,,
EH78,SYDNEY,REG,LBN,OUTLAND,2019-01-01,2019-04-01,,,,,,90,335,,,2019-09-23 10:09,,,
dearmilkyway (1),SYDNEY,REG,,OUTLAND,2019-01-08,2019-03-26,,,,,,77,341,,,2019-09-06 at 11:11,,,
pec,SYDNEY,PEQ,IRN,INLAND,2019-01-14,2019-04-01,,,,,,77,335,,,2019-09-19 21:43,,,
SamirDXB,SYDNEY,REG,DZA,OUTLAND,2019-01-15,2019-04-01,,,,,,76,335,,,2019-09-19 10:25,biometrics request along with AOR peocessed on 04-04-2019,,
nikhil56,SYDNEY,REG,IND,INLAND,2019-01-23,2019-04-08,,,,,,75,328,,,2019-10-21 at 11:16,,,
sam,SYDNEY,PEQ,CHN,INLAND,2019-01-24,2019-04-08,,,,,,74,328,,,2019-09-06 at 11:12,,,
sss,SYDNEY,PEQ,,,2019-02-04,2019-04-16,,,,,,71,320,,,2019-07-08 at 9:39,,,
inope642,SYDNEY,PEQ,FRA,INLAND,2019-02-07,2019-04-27,,,,,,79,309,,,2019-07-20 at 2:23,Got married and they emailed me to ask if my husband was canadien.,,
ancksunalyn,SYDNEY,PEQ,BRA,INLAND,2019-02-25,2019-05-03,,,,,,67,303,,,2019-06-28 at 22:17,,,
Jaswinder85,,,IND,OUTLAND,2019-03-07,2019-05-13,2019-10-03,,,2019-10-30,,67,170,,,2019-10-09 13:41,,,
ys,SYDNEY,PEQ,CHN,INLAND,2019-03-14,2019-06-05,,,,,,83,270,,,2019-10-11 at 22:01,,,
C & P,SYDNEY,PEQ,BRA,INLAND,2019-03-15,2019-06-06,,,,,,83,269,,,2019-06-21 at 21:55,,,
TKS,SYDNEY,PEQ,,INLAND,2019-03-28,2019-06-20,,,,,,84,255,,,2019-09-22 at 15:42,,,
Muzi,SYDNEY,PEQ,,,2019-04-02,2019-06-26,,,,,,85,249,,,2019-07-16 at 10:43,,,
Chrissy,SYDNEY,PEQ,CHN,INLAND,2019-04-04,2019-06-25,,,,,,82,250,,,2019-07-01 at 0:50,,,
dillon,SYDNEY,PEQ,HKG,INLAND,2019-04-08,2019-05-21,,,,,,43,285,,,2019-07-04 at 21:12,,,
QIUQIU,SYDNEY,PEQ,CHN,INLAND,2019-04-12,2019-07-04,,,,,,83,241,,,2019-09-06 at 11:11,,,
Luobo,SYDNEY,PEQ,CHN,INLAND,2019-04-18,2019-05-28,,,,,,40,278,,,2019-09-06 at 11:11,,,
PGILL,SYDNEY,,,INLAND,2019-04-18,2019-07-09,,,,,,82,236,,,2019-09-27 at 11:50,,,
lorzlorz,SYDNEY,PEQ,CHN,INLAND,2019-04-23,2019-07-10,,,,,,78,235,,,2019-09-06 at 11:10,,,
Jaz,SYDNEY,PEQ,LBN,INLAND,2019-04-25,2019-07-10,,,,,,76,235,,,2019-09-06 at 11:09,,,
JT,SYDNEY,PEQ,CHN,INLAND,2019-04-30,2019-05-31,,,,,,31,275,,,2019-09-06 at 11:09,,,
Evo,SYDNEY,PEQ,BRA,INLAND,2019-05-01,2019-07-16,,,,,,76,229,,,2019-09-06 at 11:09,,,
Ycc,SYDNEY,PEQ,CHN,INLAND,2019-05-09,2019-07-18,,,,,,70,227,,,2019-09-06 at 11:08,,,
NNNNNN,SYDNEY,REG,CHN,INLAND,2019-05-10,2019-07-18,,,,,,69,227,,,2019-09-05 22:26,,,
roro,SYDNEY,PEQ,IRN,OUTLAND,2019-05-31,2019-08-06,,,,,,67,208,,,2019-09-09 at 3:57,,,
YLERIN,SYDNEY,PEQ,CHN,INLAND,2019-06-03,2019-08-02,,,,,,60,212,,,2019-08-05 at 12:54,,,
SQ,SYDNEY,PEQ,CHN,INLAND,2019-06-03,2019-08-02,,,,,,60,212,,,2019-09-06 at 10:16,,,
Nounours,SYDNEY,PEQ,FRA,INLAND,2019-06-03,2019-08-01,,,,,,59,213,,,2019-09-06 at 10:40,,,
hayden,OTTAWA,PEQ,CHN,OUTLAND,2019-06-03,2019-08-01,,,,,,59,213,,,2019-10-08 11:45,,,
victor2000,SYDNEY,PEQ,COL,INLAND,2019-06-07,2019-08-06,,,,,,60,208,,,2019-09-06 at 10:36,,,
KAF93 ,SYDNEY,PEQ,LBN,INLAND,2019-06-10,2019-08-08,,,,,,59,206,,,2019-09-09 at 9:47,,,
e d,SYDNEY,PEQ,CHN,INLAND,2019-06-12,2019-08-12,,,,,,61,202,,,2019-09-11 at 11:53,,,
Steve 866,SYDNEY,PEQ,CHN,INLAND,2019-06-13,2019-08-13,,,,,,61,201,,,2019-10-08 21:32,,,
SS,SYDNEY,PEQ,,INLAND,2019-06-17,2019-08-14,,,,,,58,200,,,2019-08-20 at 12:56,,,
LT,SYDNEY,PEQ,CHN,INLAND,2019-06-19,2019-08-14,,,,,,56,200,,,2019-09-09 at 9:47,,,
RK,SYDNEY,REG,IRN,INLAND,2019-06-20,2019-08-14,,,,,,55,200,,,2019-09-06 at 10:37,,,
RM ,SYDNEY,PEQ,LBN,INLAND,2019-06-21,2019-08-15,,,,,,55,199,,,2019-09-09 at 9:47,,,
Dbacaico,SYDNEY,PEQ,FRA,INLAND,2019-06-21,2019-08-15,,,,,,55,199,,,2019-08-22 at 15:46,,,
DPSD,SYDNEY,PEQ,COL,INLAND,2019-06-25,2019-08-20,,,,,,56,194,,,2019-08-21 at 0:24,,,
FL,SYDNEY,PEQ,CHN,INLAND,2019-06-28,2019-08-20,,,,,,53,194,,,2019-09-06 at 10:35,,,
Vivian,,PEQ,BRA,INLAND,2019-06-28,,,,,,,,,,,2019-10-21 at 14:59,,,
MIGNONNE,SYDNEY,PEQ,CHN,INLAND,2019-07-03,2019-08-26,,,,,,54,188,,,2019-09-20 6:30,,,
LIN,SYDNEY,PEQ,CHN,INLAND,2019-07-04,2019-08-23,,,,,,50,191,,,2019-10-17 at 10:34,,,
AFA,SYDNEY,PEQ,CHN,INLAND,2019-07-05,2019-08-22,,,,,,48,192,,,2019-09-06 10:35,,,
circusclown2,SYDNEY,PEQ,USA,INLAND,2019-07-10,2019-08-27,,,,,,48,187,,,2019-09-06 at 10:35,,,
AQ,SYDNEY,PEQ,CHN,INLAND,2019-07-16,,,,,,,,,,,2019-09-06 at 18:32,,,
braziliang,SYDNEY,PEQ,BRA,OUTLAND,2019-07-29,,,,,,,,,,,2019-09-06 at 10:34,,,
Abudhabi2019,SYDNEY,REG,PHL,OUTLAND,2019-07-31,,,,,,,,,,,2019-09-06 at 10:34,,,
0li,SYDNEY,PEQ,CHN,INLAND,2019-08-02,,,,,,,,,,,2019-10-11 12:08,,,
Darling666,SYDNEY,PEQ,CHN,INLAND,2019-10-02,,,,,,,,,,,2019-10-17 at 11:00,,,
habajp,,,,OUTLAND,2018-03-20,2018-05-28,2019-09-08,,,2019-10-28,,69,518,,,,,,
aman,,,,INLAND,2018-12-03,2019-03-19,2019-10-03,,2019-10-16,2019-10-28,2019-11-04,106,223,230,336,,Many many congratulations :):).Are you inland applicant?,,
X,SYDNEY,PEQ,CHN,INLAND,2019-07-31,,,,,,,,,,,,,,
kanghq,SYDNEY,REG,CHN,INLAND,2019-11-05,,,,,,,,,,,,,,
,,,,,,,,,,,,,,,,,,,
,,,,,,,,,,,,,,,,,,,
,,,,,,,,,,,,,,,,,,,
,,,,,,,,,,,,,,,,,,,
,,,,,,,,,,,,,,,,,,,
,,,,,,,,,,,,,,,,,,,
,,,,,,,,,,,,,,,,,,,
,,,,,,,,,,,,,,,,,,,
,,,,,,,,,,,,,,,,,,,
,,,,,,,,,,,,,,,,,,,
,,,,,,,,,,,,,,,,,,,
,,,,,,,,,,,,,,,,,,,
,,,,,,,,,,,,,,,,,,,
,,,,,,,,,,,,,,,,,,,
,,,,,,,,,,,,,,,,,,,
,,,,,,,,,,,,,,,,,,,
,,,,,,,,,,,,,,,,,,,
,,,,,,,,,,,,,,,,,,,
,,,,,,,,,,,,,,,,,,,
,,,,,,,,,,,,,,,,,,,
,,,,,,,,,,,,,,,,,,,
,,,,,,,,,,,,,,,,,,,
,,,,,,,,,,,,,,,,,,,
,,,,,,,,,,,,,,,,,,,
,,,,,,,,,,,,,,,,,,,
,,,,,,,,,,,,,,,,,,,
,,,,,,,,,,,,,,,,,,,
,,,,,,,,,,,,,,,,,,,
,,,,,,,,,,,,,,,,,,,
,,,,,,,,,,,,,,,,,,,
,,,,,,,,,,,,,,,,,,,
,,,,,,,,,,,,,,,,,,,
,,,,,,,,,,,,,,,,,,,
,,,,,,,,,,,,,,,,,,,
,,,,,,,,,,,,,,,,,,,
,,,,,,,,,,,,,,,,,,,
,,,,,,,,,,,,,,,,,,,
,,,,,,,,,,,,,,,,,,,
,,,,,,,,,,,,,,,,,,,
,,,,,,,,,,,,,,,,,,,
,,,,,,,,,,,,,,,,,,,
,,,,,,,,,,,,,,,,,,,
,,,,,,,,,,,,,,,,,,,
,,,,,,,,,,,,,,,,,,,
,,,,,,,,,,,,,,,,,,,
,,,,,,,,,,,,,,,,,,,
,,,,,,,,,,,,,,,,,,,
,,,,,,,,,,,,,,,,,,,
,,,,,,,,,,,,,,,,,,,
,,,,,,,,,,,,,,,,,,,
,,,,,,,,,,,,,,,,,,,
,,,,,,,,,,,,,,,,,,,
,,,,,,,,,,,,,,,,,,,
,,,,,,,,,,,,,,,,,,,
,,,,,,,,,,,,,,,,,,,
,,,,,,,,,,,,,,,,,,,
,,,,,,,,,,,,,,,,,,,
,,,,,,,,,,,,,,,,,,,
,,,,,,,,,,,,,,,,,,,
,,,,,,,,,,,,,,,,,,,
,,,,,,,,,,,,,,,,,,,
,,,,,,,,,,,,,,,,,,,
,,,,,,,,,,,,,,,,,,,
,,,,,,,,,,,,,,,,,,,
,,,,,,,,,,,,,,,,,,,
,,,,,,,,,,,,,,,,,,,
,,,,,,,,,,,,,,,,,,,
,,,,,,,,,,,,,,,,,,,
,,,,,,,,,,,,,,,,,,,
,,,,,,,,,,,,,,,,,,,
,,,,,,,,,,,,,,,,,,,
,,,,,,,,,,,,,,,,,,,
,,,,,,,,,,,,,,,,,,,
,,,,,,,,,,,,,,,,,,,
,,,,,,,,,,,,,,,,,,,
,,,,,,,,,,,,,,,,,,,
,,,,,,,,,,,,,,,,,,,
,,,,,,,,,,,,,,,,,,,
,,,,,,,,,,,,,,,,,,,
,,,,,,,,,,,,,,,,,,,
,,,,,,,,,,,,,,,,,,,
,,,,,,,,,,,,,,,,,,,
,,,,,,,,,,,,,,,,,,,
,,,,,,,,,,,,,,,,,,,
,,,,,,,,,,,,,,,,,,,
,,,,,,,,,,,,,,,,,,,
,,,,,,,,,,,,,,,,,,,
,,,,,,,,,,,,,,,,,,,
,,,,,,,,,,,,,,,,,,,
,,,,,,,,,,,,,,,,,,,
,,,,,,,,,,,,,,,,,,,
,,,,,,,,,,,,,,,,,,,
,,,,,,,,,,,,,,,,,,,
,,,,,,,,,,,,,,,,,,,
,,,,,,,,,,,,,,,,,,,
,,,,,,,,,,,,,,,,,,,
,,,,,,,,,,,,,,,,,,,
,,,,,,,,,,,,,,,,,,,
,,,,,,,,,,,,,,,,,,,
,,,,,,,,,,,,,,,,,,,
,,,,,,,,,,,,,,,,,,,
,,,,,,,,,,,,,,,,,,,
,,,,,,,,,,,,,,,,,,,
,,,,,,,,,,,,,,,,,,,
,,,,,,,,,,,,,,,,,,,
,,,,,,,,,,,,,,,,,,,
,,,,,,,,,,,,,,,,,,,
,,,,,,,,,,,,,,,,,,,
,,,,,,,,,,,,,,,,,,,
,,,,,,,,,,,,,,,,,,,
,,,,,,,,,,,,,,,,,,,
,,,,,,,,,,,,,,,,,,,
,,,,,,,,,,,,,,,,,,,
,,,,,,,,,,,,,,,,,,,
,,,,,,,,,,,,,,,,,,,
,,,,,,,,,,,,,,,,,,,
,,,,,,,,,,,,,,,,,,,
,,,,,,,,,,,,,,,,,,,
,,,,,,,,,,,,,,,,,,,
,,,,,,,,,,,,,,,,,,,
,,,,,,,,,,,,,,,,,,,
,,,,,,,,,,,,,,,,,,,
,,,,,,,,,,,,,,,,,,,
,,,,,,,,,,,,,,,,,,,
,,,,,,,,,,,,,,,,,,,
,,,,,,,,,,,,,,,,,,,
,,,,,,,,,,,,,,,,,,,
,,,,,,,,,,,,,,,,,,,
,,,,,,,,,,,,,,,,,,,
,,,,,,,,,,,,,,,,,,,
,,,,,,,,,,,,,,,,,,,
,,,,,,,,,,,,,,,,,,,
,,,,,,,,,,,,,,,,,,,
,,,,,,,,,,,,,,,,,,,
,,,,,,,,,,,,,,,,,,,
,,,,,,,,,,,,,,,,,,,
,,,,,,,,,,,,,,,,,,,
,,,,,,,,,,,,,,,,,,,
,,,,,,,,,,,,,,,,,,,
,,,,,,,,,,,,,,,,,,,
,,,,,,,,,,,,,,,,,,,
,,,,,,,,,,,,,,,,,,,
,,,,,,,,,,,,,,,,,,,
,,,,,,,,,,,,,,,,,,,
,,,,,,,,,,,,,,,,,,,
,,,,,,,,,,,,,,,,,,,
,,,,,,,,,,,,,,,,,,,
,,,,,,,,,,,,,,,,,,,
,,,,,,,,,,,,,,,,,,,
,,,,,,,,,,,,,,,,,,,
,,,,,,,,,,,,,,,,,,,
,,,,,,,,,,,,,,,,,,,
,,,,,,,,,,,,,,,,,,,
,,,,,,,,,,,,,,,,,,,
,,,,,,,,,,,,,,,,,,,
,,,,,,,,,,,,,,,,,,,
,,,,,,,,,,,,,,,,,,,
,,,,,,,,,,,,,,,,,,,
,,,,,,,,,,,,,,,,,,,
,,,,,,,,,,,,,,,,,,,
,,,,,,,,,,,,,,,,,,,
,,,,,,,,,,,,,,,,,,,
,,,,,,,,,,,,,,,,,,,
,,,,,,,,,,,,,,,,,,,
,,,,,,,,,,,,,,,,,,,
,,,,,,,,,,,,,,,,,,,
,,,,,,,,,,,,,,,,,,,
,,,,,,,,,,,,,,,,,,,
,,,,,,,,,,,,,,,,,,,
,,,,,,,,,,,,,,,,,,,
,,,,,,,,,,,,,,,,,,,
,,,,,,,,,,,,,,,,,,,
,,,,,,,,,,,,,,,,,,,
,,,,,,,,,,,,,,,,,,,
,,,,,,,,,,,,,,,,,,,
,,,,,,,,,,,,,,,,,,,
,,,,,,,,,,,,,,,,,,,
,,,,,,,,,,,,,,,,,,,
,,,,,,,,,,,,,,,,,,,
,,,,,,,,,,,,,,,,,,,
,,,,,,,,,,,,,,,,,,,
,,,,,,,,,,,,,,,,,,,
,,,,,,,,,,,,,,,,,,,
,,,,,,,,,,,,,,,,,,,
,,,,,,,,,,,,,,,,,,,
,,,,,,,,,,,,,,,,,,,
,,,,,,,,,,,,,,,,,,,
,,,,,,,,,,,,,,,,,,,
,,,,,,,,,,,,,,,,,,,
,,,,,,,,,,,,,,,,,,,
,,,,,,,,,,,,,,,,,,,
,,,,,,,,,,,,,,,,,,,
,,,,,,,,,,,,,,,,,,,
,,,,,,,,,,,,,,,,,,,
,,,,,,,,,,,,,,,,,,,
,,,,,,,,,,,,,,,,,,,
,,,,,,,,,,,,,,,,,,,
,,,,,,,,,,,,,,,,,,,
,,,,,,,,,,,,,,,,,,,
,,,,,,,,,,,,,,,,,,,
,,,,,,,,,,,,,,,,,,,
,,,,,,,,,,,,,,,,,,,
,,,,,,,,,,,,,,,,,,,
,,,,,,,,,,,,,,,,,,,
,,,,,,,,,,,,,,,,,,,
,,,,,,,,,,,,,,,,,,,
,,,,,,,,,,,,,,,,,,,
,,,,,,,,,,,,,,,,,,,
,,,,,,,,,,,,,,,,,,,
,,,,,,,,,,,,,,,,,,,
,,,,,,,,,,,,,,,,,,,
,,,,,,,,,,,,,,,,,,,
,,,,,,,,,,,,,,,,,,,
,,,,,,,,,,,,,,,,,,,
,,,,,,,,,,,,,,,,,,,
,,,,,,,,,,,,,,,,,,,
,,,,,,,,,,,,,,,,,,,
,,,,,,,,,,,,,,,,,,,
,,,,,,,,,,,,,,,,,,,
,,,,,,,,,,,,,,,,,,,
,,,,,,,,,,,,,,,,,,,
,,,,,,,,,,,,,,,,,,,
,,,,,,,,,,,,,,,,,,,
,,,,,,,,,,,,,,,,,,,
,,,,,,,,,,,,,,,,,,,
,,,,,,,,,,,,,,,,,,,
,,,,,,,,,,,,,,,,,,,
,,,,,,,,,,,,,,,,,,,
,,,,,,,,,,,,,,,,,,,
,,,,,,,,,,,,,,,,,,,
,,,,,,,,,,,,,,,,,,,
,,,,,,,,,,,,,,,,,,,
,,,,,,,,,,,,,,,,,,,
,,,,,,,,,,,,,,,,,,,
,,,,,,,,,,,,,,,,,,,
,,,,,,,,,,,,,,,,,,,
,,,,,,,,,,,,,,,,,,,
,,,,,,,,,,,,,,,,,,,
,,,,,,,,,,,,,,,,,,,
,,,,,,,,,,,,,,,,,,,
,,,,,,,,,,,,,,,,,,,
,,,,,,,,,,,,,,,,,,,
,,,,,,,,,,,,,,,,,,,
,,,,,,,,,,,,,,,,,,,
,,,,,,,,,,,,,,,,,,,
,,,,,,,,,,,,,,,,,,,
,,,,,,,,,,,,,,,,,,,
,,,,,,,,,,,,,,,,,,,
,,,,,,,,,,,,,,,,,,,
,,,,,,,,,,,,,,,,,,,
,,,,,,,,,,,,,,,,,,,
,,,,,,,,,,,,,,,,,,,
,,,,,,,,,,,,,,,,,,,
,,,,,,,,,,,,,,,,,,,
,,,,,,,,,,,,,,,,,,,
,,,,,,,,,,,,,,,,,,,
,,,,,,,,,,,,,,,,,,,
,,,,,,,,,,,,,,,,,,,
,,,,,,,,,,,,,,,,,,,
,,,,,,,,,,,,,,,,,,,
,,,,,,,,,,,,,,,,,,,
,,,,,,,,,,,,,,,,,,,
,,,,,,,,,,,,,,,,,,,
,,,,,,,,,,,,,,,,,,,
,,,,,,,,,,,,,,,,,,,
,,,,,,,,,,,,,,,,,,,
,,,,,,,,,,,,,,,,,,,
,,,,,,,,,,,,,,,,,,,
,,,,,,,,,,,,,,,,,,,
,,,,,,,,,,,,,,,,,,,
,,,,,,,,,,,,,,,,,,,
,,,,,,,,,,,,,,,,,,,
,,,,,,,,,,,,,,,,,,,
,,,,,,,,,,,,,,,,,,,
,,,,,,,,,,,,,,,,,,,
,,,,,,,,,,,,,,,,,,,
,,,,,,,,,,,,,,,,,,,
,,,,,,,,,,,,,,,,,,,
,,,,,,,,,,,,,,,,,,,
,,,,,,,,,,,,,,,,,,,
,,,,,,,,,,,,,,,,,,,
,,,,,,,,,,,,,,,,,,,
,,,,,,,,,,,,,,,,,,,
,,,,,,,,,,,,,,,,,,,
,,,,,,,,,,,,,,,,,,,
,,,,,,,,,,,,,,,,,,,
,,,,,,,,,,,,,,,,,,,
,,,,,,,,,,,,,,,,,,,
,,,,,,,,,,,,,,,,,,,
,,,,,,,,,,,,,,,,,,,
,,,,,,,,,,,,,,,,,,,
,,,,,,,,,,,,,,,,,,,
,,,,,,,,,,,,,,,,,,,
,,,,,,,,,,,,,,,,,,,
,,,,,,,,,,,,,,,,,,,
,,,,,,,,,,,,,,,,,,,
,,,,,,,,,,,,,,,,,,,
,,,,,,,,,,,,,,,,,,,
,,,,,,,,,,,,,,,,,,,
,,,,,,,,,,,,,,,,,,,
,,,,,,,,,,,,,,,,,,,
,,,,,,,,,,,,,,,,,,,
,,,,,,,,,,,,,,,,,,,
,,,,,,,,,,,,,,,,,,,
,,,,,,,,,,,,,,,,,,,
,,,,,,,,,,,,,,,,,,,
,,,,,,,,,,,,,,,,,,,
,,,,,,,,,,,,,,,,,,,
,,,,,,,,,,,,,,,,,,,
,,,,,,,,,,,,,,,,,,,
,,,,,,,,,,,,,,,,,,,
,,,,,,,,,,,,,,,,,,,
,,,,,,,,,,,,,,,,,,,
,,,,,,,,,,,,,,,,,,,
,,,,,,,,,,,,,,,,,,,
,,,,,,,,,,,,,,,,,,,
,,,,,,,,,,,,,,,,,,,
,,,,,,,,,,,,,,,,,,,
,,,,,,,,,,,,,,,,,,,
,,,,,,,,,,,,,,,,,,,
,,,,,,,,,,,,,,,,,,,
,,,,,,,,,,,,,,,,,,,
,,,,,,,,,,,,,,,,,,,
,,,,,,,,,,,,,,,,,,,
,,,,,,,,,,,,,,,,,,,
,,,,,,,,,,,,,,,,,,,
,,,,,,,,,,,,,,,,,,,
,,,,,,,,,,,,,,,,,,,
,,,,,,,,,,,,,,,,,,,
,,,,,,,,,,,,,,,,,,,
,,,,,,,,,,,,,,,,,,,
,,,,,,,,,,,,,,,,,,,
,,,,,,,,,,,,,,,,2019-08-09 15:03,,,